{
"Hi":"*Wassup*...? *How are You..!*",
"Good Morning":"*Good Morning 🌅*",
"Good Night":"*Good Night..🌉*",
"Bye":"*Bye bye....*",
"Makadii":"> *Wangu wadii❤‍🔥🤌🏻*",
"owner":"*Mr Frank 🫀",
"Darrell":"Thats my handsome owner.🥰",
"Repo":"*Please follow me here bro\n\n YT: @mrfr4nk\nGithub:github.com/mrfrank-ofc *",
"detect":"*This Bot Is A Copy Of SubZero Md Made by Mr Frank this user stole it*",
"subzero":"*Hello how can i assist you?😣*",
"Zimbabwe":"*Best Country Ever🇿🇼☺*",
"Mr Frank":"> *Thats My Daddy, who are you?🌚*", 
"dee":"*Chibaba ndakaipa ini🙌😂*",
"Hey":"*Hi human*",
"love":"*Luv you too mate 💗😁*"
}
